GROUP,PACKAGE,CLASS,INSTRUCTION_MISSED,INSTRUCTION_COVERED,BRANCH_MISSED,BRANCH_COVERED,LINE_MISSED,LINE_COVERED,COMPLEXITY_MISSED,COMPLEXITY_COVERED,METHOD_MISSED,METHOD_COVERED
ers_villain_p1,com.revature.drivers,App,4,0,0,0,2,0,1,0,1,0
ers_villain_p1,com.revature.models,User,93,0,0,0,25,0,16,0,16,0
ers_villain_p1,com.revature.models,UserRole,68,0,2,0,18,0,9,0,8,0
ers_villain_p1,com.revature.models,ReimbStatus,74,0,2,0,21,0,10,0,9,0
ers_villain_p1,com.revature.models,Reimb,192,0,0,0,58,0,24,0,24,0
ers_villain_p1,com.revature.models,ReimbType,74,0,2,0,21,0,10,0,9,0
ers_villain_p1,com.revature.repositories,ReimbStatusDAOImpl,15,0,0,0,6,0,6,0,6,0
ers_villain_p1,com.revature.repositories,ReimbDAOImpl,583,0,8,0,122,0,11,0,7,0
ers_villain_p1,com.revature.repositories,ReimbTypeDAOImpl,55,0,2,0,15,0,4,0,3,0
ers_villain_p1,com.revature.repositories,UserDAOImpl,162,0,4,0,46,0,9,0,7,0
ers_villain_p1,com.revature.services,ReimbServiceImpl,33,0,0,0,7,0,6,0,6,0
ers_villain_p1,com.revature.services,UserServiceImpl,86,0,10,0,20,0,12,0,7,0
ers_villain_p1,com.revature.services,ReimbStatusServiceImpl,27,0,0,0,7,0,6,0,6,0
ers_villain_p1,com.revature.util,ConnectionUtil,45,0,0,0,14,0,2,0,2,0
